{
  "categories": [
    {
      "name": "Entrantes",
      "description": "Es un plato de comida que puede consumirse como 1er plato un plato de menor cantidad de comida que el plato principal.",
      "image": "img/categorias/entrada.jpg"
    },
    {
      "name": "Sopas",
      "description": "Son preparaciones culinarias consistentes en un líquido con sustancia y mucho sabor. En algunos casos poseen ingredientes sólidos.",
      "image": "img/categorias/sopa.jpg"
    },
    {
      "name": "Ensaladas",
      "description": "Las ensaladas pueden estar compuestas de verduras, frutas y/o proteínas. Pueden tener ingredientes crudos y/o cocidos.",
      "image": "img/categorias/ensalada.jpg"
    }
  ],
  "allergens": [
    { "name": "Allergen1", "description": "Description 1" },
    { "name": "Allergen2", "description": "Description 2" },
    { "name": "Allergen3", "description": "Description 3" },
    { "name": "Allergen4", "description": "Description 4" },
    { "name": "Allergen5", "description": "Description 5" }
  ],
  "menus": [
    {
      "name": "Menu1",
      "description": "Menu Description 1",
      "platos": ["Entrante1", "Entrante3", "Ensalada3", "Sopa2"]
    },
    {
      "name": "Menu2",
      "description": "Menu Description 2",
      "platos": ["Entrante2", "Entrante4", "Ensalada2", "Ensalada4"]
    },
    {
      "name": "Menu3",
      "description": "Menu Description 3",
      "platos": ["Ensalada1", "Sopa1", "Sopa3", "Sopa4"]
    }
  ],
  "restaurants": [
    {
      "name": "Restaurant1",
      "description": "Restaurant Description 1",
      "location": {},
      "image": "img/restaurante/restaurante1.jpg"
    },
    {
      "name": "Restaurant2",
      "description": "Restaurant Description 2",
      "location": {},
      "image": "img/restaurante/restaurante2.jpeg"
    },
    {
      "name": "Restaurant3",
      "description": "Restaurant Description 3",
      "location": {},
      "image": "img/restaurante/restaurante3.jpeg"
    }
  ]
}
